game_id,black_id,white_id,board,history,current,start_time,end_time,status,winner_id
1,1,2,.....b.bb...b.b..b.W...b...............wb.w.w.w..w......w.w.w.w.b,{$.....b.bb...b.b..b.W...b...............wb.w.w.w..w......w.w.w.w.b$:1},black,1680000000100,,active,
2,2,3,.b.b.b.bb.b.b.b..b.b.b.b................w.w.w.w..w.w.w.ww.w.w.w.b,{},black,1680000000100,,active,
3,3,1,.b.b.b.bb.b.b.b..b.b.b.b................w.w.w.w..w.w.w.ww.w.w.w.b,{},black,1680000000200,,active,
4,1,3,.b.b.b.bb.b.b.b..b.b.b.b................w.w.w.w..w.w.w.ww.w.w.w.b,{},black,1680000000300,,active,
5,2,1,.b.b.b.bb.b.b.b..b.b.b.b................w.w.w.w..w.w.w.ww.w.w.w.b,{},black,1680000000400,,active,
6,3,2,.b.b.b.bb.b.b.b..b.b.b.b................w.w.w.w..w.w.w.ww.w.w.w.b,{},black,1680000000500,,active,
7,1,2,.b.b.b.bb.b.b.b..b.b.b.b................w.w.w.w..w.w.w.ww.w.w.w.b,{},black,1680000000600,,active,
8,2,3,.b.b.b.bb.b.b.b..b.b.b.b................w.w.w.w..w.w.w.ww.w.w.w.b,{},black,1680000000700,,active,
9,3,1,.b.b.b.bb.b.b.b..b.b.b.b................w.w.w.w..w.w.w.ww.w.w.w.b,{},black,1680000000800,,active,
10,1,3,.b.b.b.bb.b.b.b..b.b.b.b................w.w.w.w..w.w.w.ww.w.w.w.b,{},black,1680000000900,,active,
11,1,2,.b.b.b.bb.b.b.b..b.b.b.b........................................b,{},white,1680000000100,,ended,1
12,2,1,.b.b.b.bb.b.b.b....b.b.b................b.w.w.w..w.w.w.ww.w.w.w.w,{$.b.b.b.bb.b.b.b....b.b.b................b.w.w.w..w.w.w.ww.w.w.w.w$:1},white,1680000000100,,active,
